path,bytes
TripPet/Resources/ArtSource/LegacyLineArt/Animals/animal_cat_home.asset.svg,2725
TripPet/Resources/ArtSource/LegacyLineArt/Animals/animal_cat_home.source.svg,2725
TripPet/Resources/ArtSource/LegacyLineArt/Animals/animal_cat_selfie.asset.svg,2315
TripPet/Resources/ArtSource/LegacyLineArt/Animals/animal_cat_selfie.source.svg,2315
TripPet/Resources/ArtSource/LegacyLineArt/Animals/animal_dog_home.asset.svg,2456
TripPet/Resources/ArtSource/LegacyLineArt/Animals/animal_dog_home.source.svg,2456
TripPet/Resources/ArtSource/LegacyLineArt/Animals/animal_dog_visitor.asset.svg,1944
TripPet/Resources/ArtSource/LegacyLineArt/Animals/animal_dog_visitor.source.svg,1944
TripPet/Resources/ArtSource/LegacyLineArt/Animals/animal_rabbit_home.asset.svg,2412
TripPet/Resources/ArtSource/LegacyLineArt/Animals/animal_rabbit_home.source.svg,2412
TripPet/Resources/ArtSource/LegacyLineArt/Animals/animal_rabbit_visitor.asset.svg,2148
TripPet/Resources/ArtSource/LegacyLineArt/Animals/animal_rabbit_visitor.source.svg,2148
TripPet/Resources/ArtSource/LegacyLineArt/Animals/animal_visitor_unknown.asset.svg,1976
TripPet/Resources/ArtSource/LegacyLineArt/Animals/animal_visitor_unknown.source.svg,1976
TripPet/Resources/ArtSource/LegacyLineArt/Animals/trip_marker_cat.asset.svg,1798
TripPet/Resources/ArtSource/LegacyLineArt/Animals/trip_marker_cat.source.svg,1798
TripPet/Resources/ArtSource/LegacyLineArt/Cabin/cabin_room_base.asset.svg,2879
TripPet/Resources/ArtSource/LegacyLineArt/Cabin/cabin_room_base.source.svg,2879
TripPet/Resources/ArtSource/LegacyLineArt/Cabin/prop_map_table.asset.svg,2393
TripPet/Resources/ArtSource/LegacyLineArt/Cabin/prop_map_table.source.svg,2393
TripPet/Resources/ArtSource/LegacyLineArt/Cabin/prop_paper_plane.asset.svg,1832
TripPet/Resources/ArtSource/LegacyLineArt/Cabin/prop_paper_plane.source.svg,1832
TripPet/Resources/ArtSource/LegacyLineArt/Cabin/prop_ticket_single.asset.svg,1955
TripPet/Resources/ArtSource/LegacyLineArt/Cabin/prop_ticket_single.source.svg,1955
TripPet/Resources/ArtSource/LegacyLineArt/Cabin/ticket_flight_trail.asset.svg,1950
TripPet/Resources/ArtSource/LegacyLineArt/Cabin/ticket_flight_trail.source.svg,1950
TripPet/Resources/ArtSource/LegacyLineArt/Destinations/destination_iceland_line.asset.svg,1779
TripPet/Resources/ArtSource/LegacyLineArt/Destinations/destination_iceland_line.source.svg,1779
TripPet/Resources/ArtSource/LegacyLineArt/Destinations/destination_paris_line.asset.svg,1871
TripPet/Resources/ArtSource/LegacyLineArt/Destinations/destination_paris_line.source.svg,1871
TripPet/Resources/ArtSource/LegacyLineArt/Destinations/trip_route_map_iceland.asset.svg,2701
TripPet/Resources/ArtSource/LegacyLineArt/Destinations/trip_route_map_iceland.source.svg,2701
TripPet/Resources/ArtSource/LegacyLineArt/Destinations/trip_route_map_paris.asset.svg,2490
TripPet/Resources/ArtSource/LegacyLineArt/Destinations/trip_route_map_paris.source.svg,2490
TripPet/Resources/ArtSource/LegacyLineArt/Envelopes/envelope_old.asset.svg,2195
TripPet/Resources/ArtSource/LegacyLineArt/Envelopes/envelope_old.source.svg,2195
TripPet/Resources/ArtSource/LegacyLineArt/Envelopes/envelope_read.asset.svg,1998
TripPet/Resources/ArtSource/LegacyLineArt/Envelopes/envelope_read.source.svg,1998
TripPet/Resources/ArtSource/LegacyLineArt/Envelopes/envelope_unread.asset.svg,2000
TripPet/Resources/ArtSource/LegacyLineArt/Envelopes/envelope_unread.source.svg,2000
TripPet/Resources/ArtSource/LegacyLineArt/Envelopes/mailbox_tray_base.asset.svg,1867
TripPet/Resources/ArtSource/LegacyLineArt/Envelopes/mailbox_tray_base.source.svg,1867
TripPet/Resources/ArtSource/LegacyLineArt/Onboarding/health_steps_ticket.asset.svg,2813
TripPet/Resources/ArtSource/LegacyLineArt/Onboarding/health_steps_ticket.source.svg,2813
TripPet/Resources/ArtSource/LegacyLineArt/Onboarding/onboarding_cabin_path.asset.svg,2854
TripPet/Resources/ArtSource/LegacyLineArt/Onboarding/onboarding_cabin_path.source.svg,2854
TripPet/Resources/ArtSource/LegacyLineArt/Onboarding/onboarding_cat_suitcase.asset.svg,2836
TripPet/Resources/ArtSource/LegacyLineArt/Onboarding/onboarding_cat_suitcase.source.svg,2836
TripPet/Resources/ArtSource/LegacyLineArt/Postcards/postcard_template_classic.asset.svg,1890
TripPet/Resources/ArtSource/LegacyLineArt/Postcards/postcard_template_classic.source.svg,1890
TripPet/Resources/ArtSource/LegacyLineArt/Postcards/ticket_confirm_card.asset.svg,2282
TripPet/Resources/ArtSource/LegacyLineArt/Postcards/ticket_confirm_card.source.svg,2282
TripPet/Resources/ArtSource/LegacyLineArt/Settings/settings_about_cabin.asset.svg,2103
TripPet/Resources/ArtSource/LegacyLineArt/Settings/settings_about_cabin.source.svg,2103
TripPet/Resources/ArtSource/LegacyLineArt/Settings/settings_collection_empty.asset.svg,2026
TripPet/Resources/ArtSource/LegacyLineArt/Settings/settings_collection_empty.source.svg,2026
TripPet/Resources/ArtSource/LegacyLineArt/Settings/settings_notification_note.asset.svg,1921
TripPet/Resources/ArtSource/LegacyLineArt/Settings/settings_notification_note.source.svg,1921
TripPet/Resources/ArtSource/LegacyLineArt/Stamps/stamp_iceland.asset.svg,1709
TripPet/Resources/ArtSource/LegacyLineArt/Stamps/stamp_iceland.source.svg,1709
TripPet/Resources/ArtSource/LegacyLineArt/Stamps/stamp_paris.asset.svg,1707
TripPet/Resources/ArtSource/LegacyLineArt/Stamps/stamp_paris.source.svg,1707
TripPet/Resources/ArtSource/LegacyLineArt/Textures/texture_paper_grain.asset.svg,3280
TripPet/Resources/ArtSource/LegacyLineArt/Textures/texture_paper_grain.source.svg,3280
TripPet/Resources/ArtSource/UI/icon_about.svg,395
TripPet/Resources/ArtSource/UI/icon_back.svg,328
TripPet/Resources/ArtSource/UI/icon_collection.svg,422
TripPet/Resources/ArtSource/UI/icon_health.svg,425
TripPet/Resources/ArtSource/UI/icon_home.svg,434
TripPet/Resources/ArtSource/UI/icon_mail.svg,496
TripPet/Resources/ArtSource/UI/icon_notification.svg,539
TripPet/Resources/ArtSource/UI/icon_settings.svg,531
TripPet/Resources/ArtSource/UI/icon_steps.svg,513
TripPet/Resources/ArtSource/UI/icon_ticket.svg,499
TripPet/Resources/ArtSourceRaster/Animals/animal_cat_home.png,1115044
TripPet/Resources/ArtSourceRaster/Animals/animal_cat_selfie.png,1891547
TripPet/Resources/ArtSourceRaster/Animals/animal_dog_home.png,1170763
TripPet/Resources/ArtSourceRaster/Animals/animal_dog_visitor.png,732181
TripPet/Resources/ArtSourceRaster/Animals/animal_rabbit_home.png,988141
TripPet/Resources/ArtSourceRaster/Animals/animal_rabbit_visitor.png,791719
TripPet/Resources/ArtSourceRaster/Animals/animal_visitor_unknown.png,1096175
TripPet/Resources/ArtSourceRaster/Animals/trip_marker_cat.png,940978
TripPet/Resources/ArtSourceRaster/Cabin/cabin_room_base.png,2793627
TripPet/Resources/ArtSourceRaster/Cabin/prop_map_table.png,1785358
TripPet/Resources/ArtSourceRaster/Cabin/prop_paper_plane.png,647703
TripPet/Resources/ArtSourceRaster/Cabin/prop_ticket_single.png,593821
TripPet/Resources/ArtSourceRaster/Cabin/ticket_flight_trail.png,90768
TripPet/Resources/ArtSourceRaster/Destinations/destination_iceland_line.png,812255
TripPet/Resources/ArtSourceRaster/Destinations/destination_lisbon_line.png,2354760
TripPet/Resources/ArtSourceRaster/Destinations/destination_paris_line.png,919557
TripPet/Resources/ArtSourceRaster/Destinations/trip_route_map_iceland.png,1349055
TripPet/Resources/ArtSourceRaster/Destinations/trip_route_map_lisbon.png,2263695
TripPet/Resources/ArtSourceRaster/Destinations/trip_route_map_paris.png,1285831
TripPet/Resources/ArtSourceRaster/Envelopes/envelope_old.png,1059777
TripPet/Resources/ArtSourceRaster/Envelopes/envelope_read.png,813116
TripPet/Resources/ArtSourceRaster/Envelopes/envelope_unread.png,877779
TripPet/Resources/ArtSourceRaster/Envelopes/mailbox_tray_base.png,1766150
TripPet/Resources/ArtSourceRaster/GeneratedKey/animal_cat_home_key.png,1683704
TripPet/Resources/ArtSourceRaster/GeneratedKey/animal_cat_selfie_key.png,2154065
TripPet/Resources/ArtSourceRaster/GeneratedKey/animal_visitor_unknown_key.png,1823676
TripPet/Resources/ArtSourceRaster/GeneratedKey/prop_map_table_key.png,2365454
TripPet/Resources/ArtSourceRaster/GeneratedRaw/animal_dog_home.generated.png,1696609
TripPet/Resources/ArtSourceRaster/GeneratedRaw/animal_dog_visitor.generated.png,1396866
TripPet/Resources/ArtSourceRaster/GeneratedRaw/animal_rabbit_home.generated.png,1577807
TripPet/Resources/ArtSourceRaster/GeneratedRaw/animal_rabbit_visitor.generated.png,1465207
TripPet/Resources/ArtSourceRaster/GeneratedRaw/destination_iceland_line.generated.png,2483952
TripPet/Resources/ArtSourceRaster/GeneratedRaw/destination_paris_line.generated.png,2093294
TripPet/Resources/ArtSourceRaster/GeneratedRaw/envelope_old.generated.png,2432597
TripPet/Resources/ArtSourceRaster/GeneratedRaw/envelope_read.generated.png,2186601
TripPet/Resources/ArtSourceRaster/GeneratedRaw/envelope_unread.generated.png,2339831
TripPet/Resources/ArtSourceRaster/GeneratedRaw/health_steps_ticket.generated.png,2569800
TripPet/Resources/ArtSourceRaster/GeneratedRaw/mailbox_tray_base.generated.png,2576177
TripPet/Resources/ArtSourceRaster/GeneratedRaw/onboarding_cabin_path.generated.png,3077776
TripPet/Resources/ArtSourceRaster/GeneratedRaw/onboarding_cat_suitcase.generated.png,1608619
TripPet/Resources/ArtSourceRaster/GeneratedRaw/postcard_template_classic.generated.png,2407298
TripPet/Resources/ArtSourceRaster/GeneratedRaw/prop_ticket_single.generated.png,1927852
TripPet/Resources/ArtSourceRaster/GeneratedRaw/stamp_iceland.generated.png,1636081
TripPet/Resources/ArtSourceRaster/GeneratedRaw/stamp_paris.generated.png,1747164
TripPet/Resources/ArtSourceRaster/GeneratedRaw/ticket_confirm_card.generated.png,2502556
TripPet/Resources/ArtSourceRaster/GeneratedRaw/ticket_flight_trail.generated.png,1024398
TripPet/Resources/ArtSourceRaster/GeneratedRaw/trip_marker_cat.generated.png,1523230
TripPet/Resources/ArtSourceRaster/GeneratedRaw/trip_route_map_iceland.generated.png,2785476
TripPet/Resources/ArtSourceRaster/GeneratedRaw/trip_route_map_paris.generated.png,2628237
TripPet/Resources/ArtSourceRaster/Onboarding/health_steps_ticket.png,1534472
TripPet/Resources/ArtSourceRaster/Onboarding/onboarding_cabin_path.png,2148089
TripPet/Resources/ArtSourceRaster/Onboarding/onboarding_cat_suitcase.png,931398
TripPet/Resources/ArtSourceRaster/Postcards/postcard_base_16x9@3x.png,1251836
TripPet/Resources/ArtSourceRaster/Postcards/postcard_base_portrait@3x.png,2996554
TripPet/Resources/ArtSourceRaster/Postcards/postcard_template_classic.png,1856752
TripPet/Resources/ArtSourceRaster/Postcards/postcard_template_landscape_v102.png,2374744
TripPet/Resources/ArtSourceRaster/Postcards/ticket_confirm_card.png,1133633
TripPet/Resources/ArtSourceRaster/Settings/settings_about_cabin.png,2660445
TripPet/Resources/ArtSourceRaster/Settings/settings_collection_empty.png,2900149
TripPet/Resources/ArtSourceRaster/Settings/settings_notification_note.png,2552535
TripPet/Resources/ArtSourceRaster/Stamps/stamp_iceland.png,307838
TripPet/Resources/ArtSourceRaster/Stamps/stamp_lisbon.png,1319078
TripPet/Resources/ArtSourceRaster/Stamps/stamp_paris.png,251606
TripPet/Resources/ArtSourceRaster/Textures/texture_paper_grain.png,2388795
TripPet/Resources/ArtSourceRaster/UnreferencedImports/animal_cat_home.unreferenced.png,1115044
TripPet/Resources/ArtSourceRaster/UnreferencedImports/animal_cat_selfie.unreferenced.png,1891547
TripPet/Resources/ArtSourceRaster/UnreferencedImports/animal_visitor_unknown.unreferenced.png,1096175
TripPet/Resources/ArtSourceRaster/UnreferencedImports/cabin_room_base.unreferenced.png,2793627
TripPet/Resources/ArtSourceRaster/UnreferencedImports/prop_map_table.unreferenced.png,1785358
ArtReferences/visual_board_main_flow_a.png,2709237
ArtReferences/visual_board_main_flow_b.png,2678209
ArtReferences/visual_board_support_states.png,2605265
