category,asset_name,imageset_path,reason
Animals,animal_home_aini_fox,TripPet/Resources/Assets.xcassets/Animals/animal_home_aini_fox.imageset,manifest asset field
Animals,animal_home_dengdeng_rabbit,TripPet/Resources/Assets.xcassets/Animals/animal_home_dengdeng_rabbit.imageset,manifest asset field
Animals,animal_home_dundun_bear,TripPet/Resources/Assets.xcassets/Animals/animal_home_dundun_bear.imageset,manifest asset field
Animals,animal_home_feifei_parrot,TripPet/Resources/Assets.xcassets/Animals/animal_home_feifei_parrot.imageset,manifest asset field
Animals,animal_home_jiujiu_deer,TripPet/Resources/Assets.xcassets/Animals/animal_home_jiujiu_deer.imageset,manifest asset field
Animals,animal_home_moji_cat,TripPet/Resources/Assets.xcassets/Animals/animal_home_moji_cat.imageset,manifest asset field
Animals,animal_home_tangyuan_puppy,TripPet/Resources/Assets.xcassets/Animals/animal_home_tangyuan_puppy.imageset,manifest asset field
Animals,animal_home_xiaolu_guinea_pig,TripPet/Resources/Assets.xcassets/Animals/animal_home_xiaolu_guinea_pig.imageset,manifest asset field
Animals,animal_home_xiaoman_hamster,TripPet/Resources/Assets.xcassets/Animals/animal_home_xiaoman_hamster.imageset,manifest asset field
Animals,animal_visitor_unknown,TripPet/Resources/Assets.xcassets/Animals/animal_visitor_unknown.imageset,runtime text/reference
Cabin,cabin_bg_day_full,TripPet/Resources/Assets.xcassets/Cabin/cabin_bg_day_full.imageset,runtime text/reference
Cabin,cabin_bg_night_full,TripPet/Resources/Assets.xcassets/Cabin/cabin_bg_night_full.imageset,runtime text/reference
Cabin,cabin_room_base_night_cutaway,TripPet/Resources/Assets.xcassets/Cabin/cabin_room_base_night_cutaway.imageset,runtime text/reference
Cabin,cabin_room_day_fullscreen,TripPet/Resources/Assets.xcassets/Cabin/cabin_room_day_fullscreen.imageset,runtime text/reference
Cabin,cabin_room_day_night_window_clean_rug,TripPet/Resources/Assets.xcassets/Cabin/cabin_room_day_night_window_clean_rug.imageset,runtime text/reference
Cabin,prop_paper_plane,TripPet/Resources/Assets.xcassets/Cabin/prop_paper_plane.imageset,runtime text/reference
Cabin,prop_ticket_single,TripPet/Resources/Assets.xcassets/Cabin/prop_ticket_single.imageset,runtime text/reference
Destinations,destination_iceland_line,TripPet/Resources/Assets.xcassets/Destinations/destination_iceland_line.imageset,runtime text/reference
Destinations,destination_lisbon_line,TripPet/Resources/Assets.xcassets/Destinations/destination_lisbon_line.imageset,runtime text/reference
Destinations,destination_paris_line,TripPet/Resources/Assets.xcassets/Destinations/destination_paris_line.imageset,runtime text/reference
Destinations,postcard_destination_airport,TripPet/Resources/Assets.xcassets/Destinations/postcard_destination_airport.imageset,runtime text/reference
Destinations,postcard_destination_archetype_desert,TripPet/Resources/Assets.xcassets/Destinations/postcard_destination_archetype_desert.imageset,runtime text/reference
Destinations,postcard_destination_archetype_east_asia_city,TripPet/Resources/Assets.xcassets/Destinations/postcard_destination_archetype_east_asia_city.imageset,runtime text/reference
Destinations,postcard_destination_archetype_european_old_town,TripPet/Resources/Assets.xcassets/Destinations/postcard_destination_archetype_european_old_town.imageset,runtime text/reference
Destinations,postcard_destination_archetype_historic_market,TripPet/Resources/Assets.xcassets/Destinations/postcard_destination_archetype_historic_market.imageset,runtime text/reference
Destinations,postcard_destination_archetype_modern_skyline,TripPet/Resources/Assets.xcassets/Destinations/postcard_destination_archetype_modern_skyline.imageset,runtime text/reference
Destinations,postcard_destination_archetype_north_america_street,TripPet/Resources/Assets.xcassets/Destinations/postcard_destination_archetype_north_america_street.imageset,runtime text/reference
Destinations,postcard_destination_archetype_oceania_coast,TripPet/Resources/Assets.xcassets/Destinations/postcard_destination_archetype_oceania_coast.imageset,runtime text/reference
Destinations,postcard_destination_archetype_snow,TripPet/Resources/Assets.xcassets/Destinations/postcard_destination_archetype_snow.imageset,runtime text/reference
Destinations,postcard_destination_archetype_tropical,TripPet/Resources/Assets.xcassets/Destinations/postcard_destination_archetype_tropical.imageset,runtime text/reference
Destinations,postcard_destination_city_amsterdam,TripPet/Resources/Assets.xcassets/Destinations/postcard_destination_city_amsterdam.imageset,runtime text/reference
Destinations,postcard_destination_city_barcelona,TripPet/Resources/Assets.xcassets/Destinations/postcard_destination_city_barcelona.imageset,runtime text/reference
Destinations,postcard_destination_city_beijing,TripPet/Resources/Assets.xcassets/Destinations/postcard_destination_city_beijing.imageset,runtime text/reference
Destinations,postcard_destination_city_cairo,TripPet/Resources/Assets.xcassets/Destinations/postcard_destination_city_cairo.imageset,runtime text/reference
Destinations,postcard_destination_city_cape_town,TripPet/Resources/Assets.xcassets/Destinations/postcard_destination_city_cape_town.imageset,runtime text/reference
Destinations,postcard_destination_city_generic,TripPet/Resources/Assets.xcassets/Destinations/postcard_destination_city_generic.imageset,manifest asset field
Destinations,postcard_destination_city_hongkong,TripPet/Resources/Assets.xcassets/Destinations/postcard_destination_city_hongkong.imageset,runtime text/reference
Destinations,postcard_destination_city_istanbul,TripPet/Resources/Assets.xcassets/Destinations/postcard_destination_city_istanbul.imageset,runtime text/reference
Destinations,postcard_destination_city_kyoto,TripPet/Resources/Assets.xcassets/Destinations/postcard_destination_city_kyoto.imageset,runtime text/reference
Destinations,postcard_destination_city_london,TripPet/Resources/Assets.xcassets/Destinations/postcard_destination_city_london.imageset,runtime text/reference
Destinations,postcard_destination_city_los_angeles,TripPet/Resources/Assets.xcassets/Destinations/postcard_destination_city_los_angeles.imageset,runtime text/reference
Destinations,postcard_destination_city_melbourne,TripPet/Resources/Assets.xcassets/Destinations/postcard_destination_city_melbourne.imageset,runtime text/reference
Destinations,postcard_destination_city_new_york,TripPet/Resources/Assets.xcassets/Destinations/postcard_destination_city_new_york.imageset,runtime text/reference
Destinations,postcard_destination_city_paris,TripPet/Resources/Assets.xcassets/Destinations/postcard_destination_city_paris.imageset,runtime text/reference
Destinations,postcard_destination_city_reykjavik,TripPet/Resources/Assets.xcassets/Destinations/postcard_destination_city_reykjavik.imageset,runtime text/reference
Destinations,postcard_destination_city_rio,TripPet/Resources/Assets.xcassets/Destinations/postcard_destination_city_rio.imageset,runtime text/reference
Destinations,postcard_destination_city_rome,TripPet/Resources/Assets.xcassets/Destinations/postcard_destination_city_rome.imageset,runtime text/reference
Destinations,postcard_destination_city_san_francisco,TripPet/Resources/Assets.xcassets/Destinations/postcard_destination_city_san_francisco.imageset,runtime text/reference
Destinations,postcard_destination_city_seoul,TripPet/Resources/Assets.xcassets/Destinations/postcard_destination_city_seoul.imageset,runtime text/reference
Destinations,postcard_destination_city_shanghai,TripPet/Resources/Assets.xcassets/Destinations/postcard_destination_city_shanghai.imageset,runtime text/reference
Destinations,postcard_destination_city_singapore,TripPet/Resources/Assets.xcassets/Destinations/postcard_destination_city_singapore.imageset,runtime text/reference
Destinations,postcard_destination_city_sydney,TripPet/Resources/Assets.xcassets/Destinations/postcard_destination_city_sydney.imageset,runtime text/reference
Destinations,postcard_destination_city_tokyo,TripPet/Resources/Assets.xcassets/Destinations/postcard_destination_city_tokyo.imageset,runtime text/reference
Destinations,postcard_destination_city_vancouver,TripPet/Resources/Assets.xcassets/Destinations/postcard_destination_city_vancouver.imageset,runtime text/reference
Destinations,postcard_destination_city_venice,TripPet/Resources/Assets.xcassets/Destinations/postcard_destination_city_venice.imageset,runtime text/reference
Destinations,postcard_destination_lisbon,TripPet/Resources/Assets.xcassets/Destinations/postcard_destination_lisbon.imageset,runtime text/reference
Destinations,postcard_destination_paris,TripPet/Resources/Assets.xcassets/Destinations/postcard_destination_paris.imageset,manifest asset field
Destinations,postcard_destination_reykjavik,TripPet/Resources/Assets.xcassets/Destinations/postcard_destination_reykjavik.imageset,manifest asset field
Destinations,postcard_portrait_destination_airport,TripPet/Resources/Assets.xcassets/Destinations/postcard_portrait_destination_airport.imageset,runtime text/reference
Destinations,postcard_portrait_destination_lisbon,TripPet/Resources/Assets.xcassets/Destinations/postcard_portrait_destination_lisbon.imageset,runtime text/reference
Destinations,postcard_portrait_destination_paris,TripPet/Resources/Assets.xcassets/Destinations/postcard_portrait_destination_paris.imageset,runtime text/reference
Destinations,postcard_portrait_destination_reykjavik,TripPet/Resources/Assets.xcassets/Destinations/postcard_portrait_destination_reykjavik.imageset,runtime text/reference
Destinations,trip_route_map_generic,TripPet/Resources/Assets.xcassets/Destinations/trip_route_map_generic.imageset,manifest asset field
Destinations,trip_route_map_iceland,TripPet/Resources/Assets.xcassets/Destinations/trip_route_map_iceland.imageset,manifest asset field
Destinations,trip_route_map_paris,TripPet/Resources/Assets.xcassets/Destinations/trip_route_map_paris.imageset,manifest asset field
Envelopes,envelope_old,TripPet/Resources/Assets.xcassets/Envelopes/envelope_old.imageset,runtime text/reference
Envelopes,envelope_read,TripPet/Resources/Assets.xcassets/Envelopes/envelope_read.imageset,runtime text/reference
Envelopes,envelope_unread,TripPet/Resources/Assets.xcassets/Envelopes/envelope_unread.imageset,runtime text/reference
Envelopes,mailbox_tray_base,TripPet/Resources/Assets.xcassets/Envelopes/mailbox_tray_base.imageset,runtime text/reference
Onboarding,health_steps_ticket_cutout,TripPet/Resources/Assets.xcassets/Onboarding/health_steps_ticket_cutout.imageset,runtime text/reference
Onboarding,launch_story_poster,TripPet/Resources/Assets.xcassets/Onboarding/launch_story_poster.imageset,runtime text/reference
Postcards,postcard_airport_first_departure,TripPet/Resources/Assets.xcassets/Postcards/postcard_airport_first_departure.imageset,runtime text/reference
Postcards,postcard_base_portrait,TripPet/Resources/Assets.xcassets/Postcards/postcard_base_portrait.imageset,runtime text/reference
Postcards,postcard_edge_bear_visitor,TripPet/Resources/Assets.xcassets/Postcards/postcard_edge_bear_visitor.imageset,modeled dynamic reference
Postcards,postcard_edge_deer_visitor,TripPet/Resources/Assets.xcassets/Postcards/postcard_edge_deer_visitor.imageset,modeled dynamic reference
Postcards,postcard_edge_dengdeng_rabbit,TripPet/Resources/Assets.xcassets/Postcards/postcard_edge_dengdeng_rabbit.imageset,modeled dynamic reference
Postcards,postcard_edge_feifei_parrot,TripPet/Resources/Assets.xcassets/Postcards/postcard_edge_feifei_parrot.imageset,modeled dynamic reference
Postcards,postcard_edge_fox_visitor,TripPet/Resources/Assets.xcassets/Postcards/postcard_edge_fox_visitor.imageset,modeled dynamic reference
Postcards,postcard_edge_moji_cat,TripPet/Resources/Assets.xcassets/Postcards/postcard_edge_moji_cat.imageset,modeled dynamic reference
Postcards,postcard_edge_tangyuan_puppy,TripPet/Resources/Assets.xcassets/Postcards/postcard_edge_tangyuan_puppy.imageset,modeled dynamic reference
Postcards,postcard_edge_xiaolu_guinea_pig,TripPet/Resources/Assets.xcassets/Postcards/postcard_edge_xiaolu_guinea_pig.imageset,modeled dynamic reference
Postcards,postcard_edge_xiaoman_hamster,TripPet/Resources/Assets.xcassets/Postcards/postcard_edge_xiaoman_hamster.imageset,modeled dynamic reference
Postcards,postcard_motif_bear_visitor,TripPet/Resources/Assets.xcassets/Postcards/postcard_motif_bear_visitor.imageset,modeled dynamic reference
Postcards,postcard_motif_deer_visitor,TripPet/Resources/Assets.xcassets/Postcards/postcard_motif_deer_visitor.imageset,modeled dynamic reference
Postcards,postcard_motif_dengdeng_rabbit,TripPet/Resources/Assets.xcassets/Postcards/postcard_motif_dengdeng_rabbit.imageset,modeled dynamic reference
Postcards,postcard_motif_feifei_parrot,TripPet/Resources/Assets.xcassets/Postcards/postcard_motif_feifei_parrot.imageset,modeled dynamic reference
Postcards,postcard_motif_fox_visitor,TripPet/Resources/Assets.xcassets/Postcards/postcard_motif_fox_visitor.imageset,modeled dynamic reference
Postcards,postcard_motif_moji_cat,TripPet/Resources/Assets.xcassets/Postcards/postcard_motif_moji_cat.imageset,modeled dynamic reference
Postcards,postcard_motif_tangyuan_puppy,TripPet/Resources/Assets.xcassets/Postcards/postcard_motif_tangyuan_puppy.imageset,modeled dynamic reference
Postcards,postcard_motif_xiaolu_guinea_pig,TripPet/Resources/Assets.xcassets/Postcards/postcard_motif_xiaolu_guinea_pig.imageset,modeled dynamic reference
Postcards,postcard_motif_xiaoman_hamster,TripPet/Resources/Assets.xcassets/Postcards/postcard_motif_xiaoman_hamster.imageset,modeled dynamic reference
Postcards,postcard_template_classic,TripPet/Resources/Assets.xcassets/Postcards/postcard_template_classic.imageset,runtime text/reference
Settings,settings_about_cabin,TripPet/Resources/Assets.xcassets/Settings/settings_about_cabin.imageset,runtime text/reference
Settings,settings_collection_empty,TripPet/Resources/Assets.xcassets/Settings/settings_collection_empty.imageset,runtime text/reference
Settings,settings_notification_note,TripPet/Resources/Assets.xcassets/Settings/settings_notification_note.imageset,runtime text/reference
Stamps,postcard_portrait_stamp_airport,TripPet/Resources/Assets.xcassets/Stamps/postcard_portrait_stamp_airport.imageset,runtime text/reference
Stamps,postcard_portrait_stamp_lisbon,TripPet/Resources/Assets.xcassets/Stamps/postcard_portrait_stamp_lisbon.imageset,runtime text/reference
Stamps,postcard_portrait_stamp_paris,TripPet/Resources/Assets.xcassets/Stamps/postcard_portrait_stamp_paris.imageset,runtime text/reference
Stamps,postcard_portrait_stamp_reykjavik,TripPet/Resources/Assets.xcassets/Stamps/postcard_portrait_stamp_reykjavik.imageset,runtime text/reference
Stamps,postcard_stamp_airport,TripPet/Resources/Assets.xcassets/Stamps/postcard_stamp_airport.imageset,runtime text/reference
Stamps,postcard_stamp_city_generic,TripPet/Resources/Assets.xcassets/Stamps/postcard_stamp_city_generic.imageset,manifest asset field
Stamps,postcard_stamp_lisbon,TripPet/Resources/Assets.xcassets/Stamps/postcard_stamp_lisbon.imageset,runtime text/reference
Stamps,postcard_stamp_paris,TripPet/Resources/Assets.xcassets/Stamps/postcard_stamp_paris.imageset,manifest asset field
Stamps,postcard_stamp_reykjavik,TripPet/Resources/Assets.xcassets/Stamps/postcard_stamp_reykjavik.imageset,manifest asset field
Stamps,stamp_airport_first_departure,TripPet/Resources/Assets.xcassets/Stamps/stamp_airport_first_departure.imageset,runtime text/reference
Stamps,stamp_iceland,TripPet/Resources/Assets.xcassets/Stamps/stamp_iceland.imageset,runtime text/reference
Stamps,stamp_lisbon,TripPet/Resources/Assets.xcassets/Stamps/stamp_lisbon.imageset,runtime text/reference
Stamps,stamp_paris,TripPet/Resources/Assets.xcassets/Stamps/stamp_paris.imageset,runtime text/reference
Textures,texture_paper_grain,TripPet/Resources/Assets.xcassets/Textures/texture_paper_grain.imageset,runtime text/reference
UI,icon_about,TripPet/Resources/Assets.xcassets/UI/icon_about.imageset,runtime text/reference
UI,icon_back,TripPet/Resources/Assets.xcassets/UI/icon_back.imageset,runtime text/reference
UI,icon_collection,TripPet/Resources/Assets.xcassets/UI/icon_collection.imageset,runtime text/reference
UI,icon_health,TripPet/Resources/Assets.xcassets/UI/icon_health.imageset,runtime text/reference
UI,icon_home,TripPet/Resources/Assets.xcassets/UI/icon_home.imageset,runtime text/reference
UI,icon_mail,TripPet/Resources/Assets.xcassets/UI/icon_mail.imageset,runtime text/reference
UI,icon_map,TripPet/Resources/Assets.xcassets/UI/icon_map.imageset,runtime text/reference
UI,icon_notification,TripPet/Resources/Assets.xcassets/UI/icon_notification.imageset,runtime text/reference
UI,icon_steps,TripPet/Resources/Assets.xcassets/UI/icon_steps.imageset,runtime text/reference
UI,icon_ticket,TripPet/Resources/Assets.xcassets/UI/icon_ticket.imageset,runtime text/reference
UI,map_travel_count_sign,TripPet/Resources/Assets.xcassets/UI/map_travel_count_sign.imageset,runtime text/reference
WorldMap,map_journal_night_sky_final,TripPet/Resources/Assets.xcassets/WorldMap/map_journal_night_sky_final.imageset,runtime text/reference
WorldMap,world_travel_map,TripPet/Resources/Assets.xcassets/WorldMap/world_travel_map.imageset,runtime text/reference
